[
    {
     	"answer": "바다",
     	"hints": ["수영", "파도", "모래", "등대", "낚시", "해변"]
    },
    {
     	"answer": "나무",
     	"hints": ["녹색", "공기", "열매", "가지", "숲", "잎"]
    },
    {
     	"answer": "비",
     	"hints": ["하늘", "구름", "물", "우산", "무지개", "태풍"]
    },
    {
     	"answer": "시계",
     	"hints": ["시간", "약속", "알람", "손목", "날짜", "초침"]
    },
    {
     	"answer": "컴퓨터",
     	"hints": ["연결", "인터넷", "전자기기", "마우스", "화면", "키보드"]
    },
    {
     	"answer": "해돋이",
     	"hints": ["붉은빛", "새해", "새벽", "동쪽", "태양", "일출"]
	},
	{
     	"answer": "도서관",
     	"hints": ["책", "장소", "지식", "조용함", "독서", "공부"]
    },
	{
     	"answer": "용",
     	"hints": ["판타지", "몬스터", "전설", "동굴", "보물", "고대"]
    },
	{
     	"answer": "곰",
     	"hints": ["동물", "숲", "벌꿀", "야생", "사람을 찢어", "겨울잠"]
    },
	{
     	"answer": "스마트폰",
     	"hints": ["전자기기", "전화", "화면", "터치", "카메라", "문자"]
    },
	{
     	"answer": "아이스크림",
     	"hints": ["얼음", "간식", "달콤함", "차갑다", "디저트", "여름"]
    },
	{
     	"answer": "나침반",
     	"hints": ["지도", "탐험", "방향", "여행", "길찾기", "방위"]
    }
]
